m,dm,brct,nEvents,matchEff,filterEff,qcut,wgt,ave_filter_eff,ave_match_eff
250.0,10.0,0.3,500.0,0.361,0.1299,-1.0,23.446949999999998,64.94999999999999,180.5
250.0,10.0,1.0,500.0,0.361,0.1299,-1.0,23.446949999999998,64.94999999999999,180.5
275.0,10.0,0.3,500.0,0.361,0.1673,-1.0,30.19765,83.65,180.5
275.0,10.0,1.0,500.0,0.361,0.1555,-1.0,28.06775,77.75,180.5
300.0,10.0,0.3,500.0,0.302,0.1681,-1.0,25.3831,84.05,151.0
300.0,10.0,1.0,500.0,0.302,0.1677,-1.0,25.322699999999998,83.85,151.0
325.0,10.0,0.3,500.0,0.302,0.1814,-1.0,27.3914,90.7,151.0
325.0,10.0,1.0,500.0,0.302,0.1812,-1.0,27.3612,90.6,151.0
350.0,10.0,0.3,500.0,0.302,0.2002,-1.0,30.2302,100.1,151.0
350.0,10.0,1.0,500.0,0.302,0.1903,-1.0,28.7353,95.14999999999999,151.0
375.0,10.0,0.3,500.0,0.302,0.2096,-1.0,31.6496,104.80000000000001,151.0
375.0,10.0,1.0,500.0,0.302,0.2027,-1.0,30.607699999999998,101.35,151.0
400.0,10.0,0.3,500.0,0.275,0.2227,-1.0,30.62125,111.35000000000001,137.5
400.0,10.0,1.0,500.0,0.275,0.206,-1.0,28.325,103.0,137.5
425.0,10.0,0.3,500.0,0.275,0.2247,-1.0,30.896250000000002,112.35000000000001,137.5
425.0,10.0,1.0,500.0,0.275,0.2205,-1.0,30.31875,110.25,137.5
450.0,10.0,0.3,500.0,0.275,0.2271,-1.0,31.22625,113.55,137.5
450.0,10.0,1.0,500.0,0.275,0.2259,-1.0,31.061249999999998,112.94999999999999,137.5
475.0,10.0,0.3,500.0,0.275,0.2387,-1.0,32.82125,119.35,137.5
475.0,10.0,1.0,500.0,0.275,0.234,-1.0,32.175000000000004,117.0,137.5
500.0,10.0,0.3,500.0,0.254,0.2398,-1.0,30.454600000000003,119.9,127.0
500.0,10.0,1.0,500.0,0.254,0.2491,-1.0,31.6357,124.55,127.0
525.0,10.0,0.3,500.0,0.254,0.2537,-1.0,32.219899999999996,126.85,127.0
525.0,10.0,1.0,500.0,0.254,0.2461,-1.0,31.254700000000003,123.05000000000001,127.0
550.0,10.0,0.3,500.0,0.254,0.262,-1.0,33.274,131.0,127.0
550.0,10.0,1.0,500.0,0.254,0.2794,-1.0,35.483799999999995,139.7,127.0
575.0,10.0,0.3,500.0,0.254,0.2658,-1.0,33.7566,132.89999999999998,127.0
575.0,10.0,1.0,500.0,0.254,0.2607,-1.0,33.1089,130.35,127.0
600.0,10.0,0.3,500.0,0.237,0.2723,-1.0,32.26755,136.15,118.5
600.0,10.0,1.0,500.0,0.237,0.2735,-1.0,32.40975,136.75,118.5
625.0,10.0,0.3,500.0,0.237,0.2793,-1.0,33.097049999999996,139.65,118.5
625.0,10.0,1.0,500.0,0.237,0.2624,-1.0,31.094400000000004,131.20000000000002,118.5
650.0,10.0,0.3,500.0,0.237,0.2795,-1.0,33.12075,139.75,118.5
650.0,10.0,1.0,500.0,0.237,0.2738,-1.0,32.445299999999996,136.9,118.5
675.0,10.0,0.3,500.0,0.237,0.2821,-1.0,33.428850000000004,141.05,118.5
675.0,10.0,1.0,500.0,0.237,0.2858,-1.0,33.8673,142.9,118.5
700.0,10.0,0.3,500.0,0.237,0.2855,-1.0,33.83175,142.75,118.5
700.0,10.0,1.0,500.0,0.237,0.2986,-1.0,35.3841,149.29999999999998,118.5
725.0,10.0,0.3,500.0,0.237,0.2993,-1.0,35.46705,149.65,118.5
725.0,10.0,1.0,500.0,0.237,0.2934,-1.0,34.7679,146.7,118.5
750.0,10.0,0.3,500.0,0.237,0.2905,-1.0,34.42425,145.25,118.5
750.0,10.0,1.0,500.0,0.237,0.3042,-1.0,36.047700000000006,152.10000000000002,118.5
775.0,10.0,0.3,500.0,0.237,0.2982,-1.0,35.3367,149.10000000000002,118.5
775.0,10.0,1.0,500.0,0.237,0.2956,-1.0,35.0286,147.79999999999998,118.5
800.0,10.0,0.3,500.0,0.237,0.3085,-1.0,36.557249999999996,154.25,118.5
800.0,10.0,1.0,500.0,0.237,0.3155,-1.0,37.38675,157.75,118.5
825.0,10.0,0.3,500.0,0.237,0.3054,-1.0,36.1899,152.7,118.5
825.0,10.0,1.0,500.0,0.237,0.3211,-1.0,38.05035,160.55,118.5
850.0,10.0,0.3,500.0,0.237,0.3213,-1.0,38.07405,160.64999999999998,118.5
850.0,10.0,1.0,500.0,0.237,0.3132,-1.0,37.1142,156.6,118.5
875.0,10.0,0.3,500.0,0.237,0.3178,-1.0,37.6593,158.9,118.5
875.0,10.0,1.0,500.0,0.237,0.3367,-1.0,39.89895,168.35,118.5
900.0,10.0,0.3,500.0,0.237,0.3217,-1.0,38.121449999999996,160.85,118.5
900.0,10.0,1.0,500.0,0.237,0.3119,-1.0,36.96015,155.95000000000002,118.5
925.0,10.0,0.3,500.0,0.237,0.3176,-1.0,37.6356,158.79999999999998,118.5
925.0,10.0,1.0,500.0,0.237,0.3219,-1.0,38.14515,160.95000000000002,118.5
950.0,10.0,0.3,500.0,0.237,0.342,-1.0,40.527,171.0,118.5
950.0,10.0,1.0,500.0,0.237,0.3254,-1.0,38.559900000000006,162.70000000000002,118.5
975.0,10.0,0.3,500.0,0.237,0.3356,-1.0,39.7686,167.8,118.5
975.0,10.0,1.0,500.0,0.237,0.3253,-1.0,38.548049999999996,162.64999999999998,118.5
1000.0,10.0,0.3,500.0,0.237,0.3448,-1.0,40.8588,172.4,118.5
1000.0,10.0,1.0,500.0,0.237,0.329,-1.0,38.9865,164.5,118.5
1025.0,10.0,0.3,500.0,0.237,0.3432,-1.0,40.669200000000004,171.6,118.5
1025.0,10.0,1.0,500.0,0.237,0.3489,-1.0,41.34465,174.45,118.5
1050.0,10.0,0.3,500.0,0.237,0.3335,-1.0,39.51975,166.75,118.5
1050.0,10.0,1.0,500.0,0.237,0.3351,-1.0,39.70935,167.55,118.5
1075.0,10.0,0.3,500.0,0.237,0.3428,-1.0,40.6218,171.4,118.5
1075.0,10.0,1.0,500.0,0.237,0.3395,-1.0,40.23075,169.75,118.5
1100.0,10.0,0.3,500.0,0.237,0.3644,-1.0,43.181400000000004,182.2,118.5
1100.0,10.0,1.0,500.0,0.237,0.345,-1.0,40.8825,172.5,118.5
250.0,15.0,0.3,150.0,0.361,0.1419,-1.0,7.683885,21.285,54.15
250.0,15.0,1.0,150.0,0.361,0.1311,-1.0,7.0990649999999995,19.665,54.15
275.0,15.0,0.3,150.0,0.361,0.1634,-1.0,8.848109999999998,24.509999999999998,54.15
275.0,15.0,1.0,150.0,0.361,0.1747,-1.0,9.460004999999999,26.205,54.15
300.0,15.0,0.3,150.0,0.302,0.1686,-1.0,7.63758,25.29,45.3
300.0,15.0,1.0,150.0,0.302,0.1668,-1.0,7.556039999999999,25.02,45.3
325.0,15.0,0.3,150.0,0.302,0.1905,-1.0,8.62965,28.575,45.3
325.0,15.0,1.0,150.0,0.302,0.1762,-1.0,7.981859999999999,26.43,45.3
350.0,15.0,0.3,150.0,0.302,0.2022,-1.0,9.159659999999999,30.33,45.3
350.0,15.0,1.0,150.0,0.302,0.1992,-1.0,9.02376,29.88,45.3
375.0,15.0,0.3,150.0,0.302,0.1996,-1.0,9.041879999999999,29.94,45.3
375.0,15.0,1.0,150.0,0.302,0.2085,-1.0,9.445049999999998,31.275,45.3
400.0,15.0,0.3,150.0,0.275,0.2283,-1.0,9.417375,34.245,41.25
400.0,15.0,1.0,150.0,0.275,0.2203,-1.0,9.087375,33.045,41.25
425.0,15.0,0.3,150.0,0.275,0.2094,-1.0,8.63775,31.41,41.25
425.0,15.0,1.0,150.0,0.275,0.2162,-1.0,8.91825,32.43,41.25
450.0,15.0,0.3,150.0,0.275,0.2372,-1.0,9.7845,35.58,41.25
450.0,15.0,1.0,150.0,0.275,0.2293,-1.0,9.458625,34.395,41.25
475.0,15.0,0.3,150.0,0.275,0.2434,-1.0,10.04025,36.51,41.25
475.0,15.0,1.0,150.0,0.275,0.2365,-1.0,9.755625,35.475,41.25
500.0,15.0,0.3,150.0,0.254,0.2496,-1.0,9.50976,37.44,38.1
500.0,15.0,1.0,150.0,0.254,0.2475,-1.0,9.42975,37.125,38.1
525.0,15.0,0.3,150.0,0.254,0.2569,-1.0,9.78789,38.535000000000004,38.1
525.0,15.0,1.0,150.0,0.254,0.2579,-1.0,9.825990000000001,38.685,38.1
550.0,15.0,0.3,150.0,0.254,0.2547,-1.0,9.70407,38.205,38.1
550.0,15.0,1.0,150.0,0.254,0.2628,-1.0,10.01268,39.419999999999995,38.1
575.0,15.0,0.3,150.0,0.254,0.2653,-1.0,10.10793,39.794999999999995,38.1
575.0,15.0,1.0,150.0,0.254,0.2667,-1.0,10.16127,40.004999999999995,38.1
600.0,15.0,0.3,150.0,0.237,0.2893,-1.0,10.284614999999999,43.395,35.55
600.0,15.0,1.0,150.0,0.237,0.2856,-1.0,10.15308,42.84,35.55
625.0,15.0,0.3,150.0,0.237,0.2825,-1.0,10.042874999999999,42.37499999999999,35.55
625.0,15.0,1.0,150.0,0.237,0.2778,-1.0,9.875789999999999,41.67,35.55
650.0,15.0,0.3,150.0,0.237,0.2767,-1.0,9.836685,41.505,35.55
650.0,15.0,1.0,150.0,0.237,0.2946,-1.0,10.473029999999998,44.19,35.55
675.0,15.0,0.3,150.0,0.237,0.2851,-1.0,10.135305,42.765,35.55
675.0,15.0,1.0,150.0,0.237,0.2847,-1.0,10.121084999999999,42.705,35.55
700.0,15.0,0.3,150.0,0.237,0.2792,-1.0,9.925559999999999,41.88,35.55
700.0,15.0,1.0,150.0,0.237,0.2931,-1.0,10.419705,43.965,35.55
725.0,15.0,0.3,150.0,0.237,0.2971,-1.0,10.561904999999998,44.565,35.55
725.0,15.0,1.0,150.0,0.237,0.2886,-1.0,10.25973,43.290000000000006,35.55
750.0,15.0,0.3,150.0,0.237,0.2899,-1.0,10.305945,43.485,35.55
750.0,15.0,1.0,150.0,0.237,0.2936,-1.0,10.43748,44.040000000000006,35.55
775.0,15.0,0.3,150.0,0.237,0.3155,-1.0,11.216024999999998,47.325,35.55
775.0,15.0,1.0,150.0,0.237,0.3109,-1.0,11.052494999999999,46.635,35.55
800.0,15.0,0.3,150.0,0.237,0.3003,-1.0,10.675665,45.045,35.55
800.0,15.0,1.0,150.0,0.237,0.3112,-1.0,11.063159999999998,46.68,35.55
825.0,15.0,0.3,150.0,0.237,0.2943,-1.0,10.462365,44.145,35.55
825.0,15.0,1.0,150.0,0.237,0.3091,-1.0,10.988504999999998,46.364999999999995,35.55
850.0,15.0,0.3,150.0,0.237,0.3151,-1.0,11.201804999999998,47.265,35.55
850.0,15.0,1.0,150.0,0.237,0.319,-1.0,11.340449999999999,47.85,35.55
875.0,15.0,0.3,150.0,0.237,0.3277,-1.0,11.649734999999998,49.155,35.55
875.0,15.0,1.0,150.0,0.237,0.3266,-1.0,11.610629999999999,48.99,35.55
900.0,15.0,0.3,150.0,0.237,0.3205,-1.0,11.393775,48.075,35.55
900.0,15.0,1.0,150.0,0.237,0.3341,-1.0,11.877255,50.115,35.55
925.0,15.0,0.3,150.0,0.237,0.3227,-1.0,11.471984999999998,48.405,35.55
925.0,15.0,1.0,150.0,0.237,0.3273,-1.0,11.635514999999998,49.095,35.55
950.0,15.0,0.3,150.0,0.237,0.3324,-1.0,11.816819999999998,49.86,35.55
950.0,15.0,1.0,150.0,0.237,0.3296,-1.0,11.717279999999999,49.44,35.55
975.0,15.0,0.3,150.0,0.237,0.3414,-1.0,12.136769999999999,51.209999999999994,35.55
975.0,15.0,1.0,150.0,0.237,0.3303,-1.0,11.742164999999998,49.544999999999995,35.55
1000.0,15.0,0.3,150.0,0.237,0.3346,-1.0,11.89503,50.19,35.55
1000.0,15.0,1.0,150.0,0.237,0.3274,-1.0,11.63907,49.11000000000001,35.55
1025.0,15.0,0.3,150.0,0.237,0.3523,-1.0,12.524265,52.845,35.55
1025.0,15.0,1.0,150.0,0.237,0.3269,-1.0,11.621295,49.035000000000004,35.55
1050.0,15.0,0.3,150.0,0.237,0.3386,-1.0,12.03723,50.79,35.55
1050.0,15.0,1.0,150.0,0.237,0.3474,-1.0,12.350069999999999,52.11,35.55
1075.0,15.0,0.3,150.0,0.237,0.3483,-1.0,12.382064999999999,52.245,35.55
1075.0,15.0,1.0,150.0,0.237,0.3459,-1.0,12.296744999999998,51.885,35.55
1100.0,15.0,0.3,150.0,0.237,0.3533,-1.0,12.559814999999999,52.995,35.55
1100.0,15.0,1.0,150.0,0.237,0.3388,-1.0,12.044339999999998,50.82,35.55
250.0,20.0,0.3,150.0,0.361,0.1385,-1.0,7.4997750000000005,20.775000000000002,54.15
250.0,20.0,1.0,150.0,0.361,0.1386,-1.0,7.50519,20.79,54.15
275.0,20.0,0.3,150.0,0.361,0.1674,-1.0,9.06471,25.11,54.15
275.0,20.0,1.0,150.0,0.361,0.1694,-1.0,9.17301,25.41,54.15
300.0,20.0,0.3,150.0,0.302,0.1654,-1.0,7.492619999999999,24.81,45.3
300.0,20.0,1.0,150.0,0.302,0.172,-1.0,7.791599999999999,25.799999999999997,45.3
325.0,20.0,0.3,150.0,0.302,0.1826,-1.0,8.27178,27.39,45.3
325.0,20.0,1.0,150.0,0.302,0.1857,-1.0,8.41221,27.855,45.3
350.0,20.0,0.3,150.0,0.302,0.1895,-1.0,8.584349999999999,28.425,45.3
350.0,20.0,1.0,150.0,0.302,0.1846,-1.0,8.362379999999998,27.689999999999998,45.3
375.0,20.0,0.3,150.0,0.302,0.2052,-1.0,9.295559999999998,30.779999999999998,45.3
375.0,20.0,1.0,150.0,0.302,0.2165,-1.0,9.80745,32.475,45.3
400.0,20.0,0.3,150.0,0.275,0.2121,-1.0,8.749125000000001,31.815,41.25
400.0,20.0,1.0,150.0,0.275,0.2065,-1.0,8.518125,30.974999999999998,41.25
425.0,20.0,0.3,150.0,0.275,0.2271,-1.0,9.367875,34.065,41.25
425.0,20.0,1.0,150.0,0.275,0.2159,-1.0,8.905875,32.385,41.25
450.0,20.0,0.3,150.0,0.275,0.2331,-1.0,9.615375,34.965,41.25
450.0,20.0,1.0,150.0,0.275,0.2293,-1.0,9.458625,34.395,41.25
475.0,20.0,0.3,150.0,0.275,0.2376,-1.0,9.801,35.64,41.25
475.0,20.0,1.0,150.0,0.275,0.2314,-1.0,9.54525,34.71,41.25
500.0,20.0,0.3,150.0,0.254,0.2472,-1.0,9.41832,37.08,38.1
500.0,20.0,1.0,150.0,0.254,0.2518,-1.0,9.593580000000001,37.77,38.1
525.0,20.0,0.3,150.0,0.254,0.25,-1.0,9.525,37.5,38.1
525.0,20.0,1.0,150.0,0.254,0.2655,-1.0,10.11555,39.825,38.1
550.0,20.0,0.3,150.0,0.254,0.2539,-1.0,9.67359,38.085,38.1
550.0,20.0,1.0,150.0,0.254,0.2644,-1.0,10.073640000000001,39.660000000000004,38.1
575.0,20.0,0.3,150.0,0.254,0.2713,-1.0,10.33653,40.695,38.1
575.0,20.0,1.0,150.0,0.254,0.2847,-1.0,10.84707,42.705,38.1
600.0,20.0,0.3,150.0,0.237,0.2692,-1.0,9.57006,40.38,35.55
600.0,20.0,1.0,150.0,0.237,0.2752,-1.0,9.78336,41.28,35.55
625.0,20.0,0.3,150.0,0.237,0.2725,-1.0,9.687375,40.875,35.55
625.0,20.0,1.0,150.0,0.237,0.2759,-1.0,9.808244999999998,41.385,35.55
650.0,20.0,0.3,150.0,0.237,0.2837,-1.0,10.085535,42.555,35.55
650.0,20.0,1.0,150.0,0.237,0.2952,-1.0,10.49436,44.28,35.55
675.0,20.0,0.3,150.0,0.237,0.2902,-1.0,10.316609999999999,43.53,35.55
675.0,20.0,1.0,150.0,0.237,0.2818,-1.0,10.01799,42.269999999999996,35.55
700.0,20.0,0.3,150.0,0.237,0.3008,-1.0,10.693439999999999,45.120000000000005,35.55
700.0,20.0,1.0,150.0,0.237,0.2841,-1.0,10.099755,42.615,35.55
725.0,20.0,0.3,150.0,0.237,0.2874,-1.0,10.21707,43.11,35.55
725.0,20.0,1.0,150.0,0.237,0.3096,-1.0,11.006279999999999,46.44,35.55
750.0,20.0,0.3,150.0,0.237,0.3046,-1.0,10.828529999999999,45.69,35.55
750.0,20.0,1.0,150.0,0.237,0.3062,-1.0,10.88541,45.93000000000001,35.55
775.0,20.0,0.3,150.0,0.237,0.3059,-1.0,10.874744999999999,45.885,35.55
775.0,20.0,1.0,150.0,0.237,0.2973,-1.0,10.569015,44.595,35.55
800.0,20.0,0.3,150.0,0.237,0.3129,-1.0,11.123595,46.935,35.55
800.0,20.0,1.0,150.0,0.237,0.2996,-1.0,10.650779999999997,44.94,35.55
825.0,20.0,0.3,150.0,0.237,0.3015,-1.0,10.718324999999998,45.225,35.55
825.0,20.0,1.0,150.0,0.237,0.3304,-1.0,11.74572,49.56,35.55
850.0,20.0,0.3,150.0,0.237,0.3089,-1.0,10.981395,46.335,35.55
850.0,20.0,1.0,150.0,0.237,0.3199,-1.0,11.372444999999999,47.985,35.55
875.0,20.0,0.3,150.0,0.237,0.3119,-1.0,11.088045,46.785000000000004,35.55
875.0,20.0,1.0,150.0,0.237,0.3176,-1.0,11.290679999999998,47.64,35.55
900.0,20.0,0.3,150.0,0.237,0.3208,-1.0,11.404439999999997,48.12,35.55
900.0,20.0,1.0,150.0,0.237,0.3277,-1.0,11.649734999999998,49.155,35.55
925.0,20.0,0.3,150.0,0.237,0.3177,-1.0,11.294234999999999,47.654999999999994,35.55
925.0,20.0,1.0,150.0,0.237,0.3186,-1.0,11.326229999999999,47.79,35.55
950.0,20.0,0.3,150.0,0.237,0.3236,-1.0,11.503979999999999,48.54,35.55
950.0,20.0,1.0,150.0,0.237,0.318,-1.0,11.3049,47.7,35.55
975.0,20.0,0.3,150.0,0.237,0.3256,-1.0,11.57508,48.84,35.55
975.0,20.0,1.0,150.0,0.237,0.3434,-1.0,12.207869999999998,51.51,35.55
1000.0,20.0,0.3,150.0,0.237,0.3333,-1.0,11.848814999999998,49.995,35.55
1000.0,20.0,1.0,150.0,0.237,0.3285,-1.0,11.678175,49.275000000000006,35.55
1025.0,20.0,0.3,150.0,0.237,0.3371,-1.0,11.983905,50.565000000000005,35.55
1025.0,20.0,1.0,150.0,0.237,0.3491,-1.0,12.410505,52.365,35.55
1050.0,20.0,0.3,150.0,0.237,0.3387,-1.0,12.040785,50.805,35.55
1050.0,20.0,1.0,150.0,0.237,0.3425,-1.0,12.175875,51.37500000000001,35.55
1075.0,20.0,0.3,150.0,0.237,0.3455,-1.0,12.282524999999998,51.824999999999996,35.55
1075.0,20.0,1.0,150.0,0.237,0.3368,-1.0,11.973239999999999,50.519999999999996,35.55
1100.0,20.0,0.3,150.0,0.237,0.3371,-1.0,11.983905,50.565000000000005,35.55
1100.0,20.0,1.0,150.0,0.237,0.3562,-1.0,12.66291,53.43,35.55
250.0,25.0,0.3,150.0,0.361,0.1417,-1.0,7.673055,21.255,54.15
250.0,25.0,1.0,150.0,0.361,0.1498,-1.0,8.111669999999998,22.47,54.15
275.0,25.0,0.3,150.0,0.361,0.1726,-1.0,9.34629,25.89,54.15
275.0,25.0,1.0,150.0,0.361,0.1641,-1.0,8.886014999999999,24.615,54.15
300.0,25.0,0.3,150.0,0.302,0.1682,-1.0,7.619459999999999,25.229999999999997,45.3
300.0,25.0,1.0,150.0,0.302,0.1828,-1.0,8.28084,27.419999999999998,45.3
325.0,25.0,0.3,150.0,0.302,0.1903,-1.0,8.62059,28.544999999999998,45.3
325.0,25.0,1.0,150.0,0.302,0.1911,-1.0,8.65683,28.665,45.3
350.0,25.0,0.3,150.0,0.302,0.1994,-1.0,9.03282,29.91,45.3
350.0,25.0,1.0,150.0,0.302,0.1869,-1.0,8.46657,28.035,45.3
375.0,25.0,0.3,150.0,0.302,0.2154,-1.0,9.75762,32.31,45.3
375.0,25.0,1.0,150.0,0.302,0.2144,-1.0,9.71232,32.160000000000004,45.3
400.0,25.0,0.3,150.0,0.275,0.2099,-1.0,8.658375,31.485,41.25
400.0,25.0,1.0,150.0,0.275,0.2208,-1.0,9.108,33.12,41.25
425.0,25.0,0.3,150.0,0.275,0.2258,-1.0,9.31425,33.87,41.25
425.0,25.0,1.0,150.0,0.275,0.2307,-1.0,9.516375,34.605,41.25
450.0,25.0,0.3,150.0,0.275,0.2377,-1.0,9.805125,35.655,41.25
450.0,25.0,1.0,150.0,0.275,0.2226,-1.0,9.18225,33.39,41.25
475.0,25.0,0.3,150.0,0.275,0.2444,-1.0,10.0815,36.660000000000004,41.25
475.0,25.0,1.0,150.0,0.275,0.2319,-1.0,9.565875,34.785,41.25
500.0,25.0,0.3,150.0,0.254,0.2585,-1.0,9.84885,38.775,38.1
500.0,25.0,1.0,150.0,0.254,0.2544,-1.0,9.69264,38.160000000000004,38.1
525.0,25.0,0.3,150.0,0.254,0.2465,-1.0,9.39165,36.975,38.1
525.0,25.0,1.0,150.0,0.254,0.2616,-1.0,9.96696,39.24,38.1
550.0,25.0,0.3,150.0,0.254,0.2724,-1.0,10.37844,40.86,38.1
550.0,25.0,1.0,150.0,0.254,0.2679,-1.0,10.206990000000001,40.185,38.1
575.0,25.0,0.3,150.0,0.254,0.2745,-1.0,10.458450000000001,41.175000000000004,38.1
575.0,25.0,1.0,150.0,0.254,0.2676,-1.0,10.19556,40.14,38.1
600.0,25.0,0.3,150.0,0.237,0.2744,-1.0,9.754919999999998,41.16,35.55
600.0,25.0,1.0,150.0,0.237,0.2792,-1.0,9.925559999999999,41.88,35.55
625.0,25.0,0.3,150.0,0.237,0.2829,-1.0,10.057094999999999,42.434999999999995,35.55
625.0,25.0,1.0,150.0,0.237,0.2777,-1.0,9.872235,41.655,35.55
650.0,25.0,0.3,150.0,0.237,0.2927,-1.0,10.405485,43.905,35.55
650.0,25.0,1.0,150.0,0.237,0.2856,-1.0,10.15308,42.84,35.55
675.0,25.0,0.3,150.0,0.237,0.3041,-1.0,10.810754999999999,45.614999999999995,35.55
675.0,25.0,1.0,150.0,0.237,0.2965,-1.0,10.540574999999999,44.474999999999994,35.55
700.0,25.0,0.3,150.0,0.237,0.2887,-1.0,10.263285,43.305,35.55
700.0,25.0,1.0,150.0,0.237,0.2961,-1.0,10.526354999999999,44.415,35.55
725.0,25.0,0.3,150.0,0.237,0.313,-1.0,11.127149999999999,46.95,35.55
725.0,25.0,1.0,150.0,0.237,0.2884,-1.0,10.252619999999999,43.26,35.55
750.0,25.0,0.3,150.0,0.237,0.3177,-1.0,11.294234999999999,47.654999999999994,35.55
750.0,25.0,1.0,150.0,0.237,0.3121,-1.0,11.095154999999998,46.815,35.55
775.0,25.0,0.3,150.0,0.237,0.3185,-1.0,11.322674999999998,47.775,35.55
775.0,25.0,1.0,150.0,0.237,0.3063,-1.0,10.888964999999999,45.945,35.55
800.0,25.0,0.3,150.0,0.237,0.3196,-1.0,11.36178,47.94,35.55
800.0,25.0,1.0,150.0,0.237,0.3119,-1.0,11.088045,46.785000000000004,35.55
825.0,25.0,0.3,150.0,0.237,0.3037,-1.0,10.796535,45.55500000000001,35.55
825.0,25.0,1.0,150.0,0.237,0.3194,-1.0,11.35467,47.910000000000004,35.55
850.0,25.0,0.3,150.0,0.237,0.3381,-1.0,12.019454999999999,50.715,35.55
850.0,25.0,1.0,150.0,0.237,0.3238,-1.0,11.511089999999998,48.56999999999999,35.55
875.0,25.0,0.3,150.0,0.237,0.3198,-1.0,11.368889999999999,47.97,35.55
875.0,25.0,1.0,150.0,0.237,0.3227,-1.0,11.471984999999998,48.405,35.55
900.0,25.0,0.3,150.0,0.237,0.3282,-1.0,11.667509999999998,49.23,35.55
900.0,25.0,1.0,150.0,0.237,0.3247,-1.0,11.543084999999998,48.705,35.55
925.0,25.0,0.3,150.0,0.237,0.3274,-1.0,11.63907,49.11000000000001,35.55
925.0,25.0,1.0,150.0,0.237,0.3419,-1.0,12.154544999999999,51.285,35.55
950.0,25.0,0.3,150.0,0.237,0.3392,-1.0,12.05856,50.88,35.55
950.0,25.0,1.0,150.0,0.237,0.3308,-1.0,11.759939999999999,49.62,35.55
975.0,25.0,0.3,150.0,0.237,0.3268,-1.0,11.617739999999998,49.019999999999996,35.55
975.0,25.0,1.0,150.0,0.237,0.3199,-1.0,11.372444999999999,47.985,35.55
1000.0,25.0,0.3,150.0,0.237,0.3372,-1.0,11.987459999999999,50.58,35.55
1000.0,25.0,1.0,150.0,0.237,0.3413,-1.0,12.133214999999998,51.195,35.55
1025.0,25.0,0.3,150.0,0.237,0.3272,-1.0,11.63196,49.08,35.55
1025.0,25.0,1.0,150.0,0.237,0.3258,-1.0,11.582189999999999,48.87,35.55
1050.0,25.0,0.3,150.0,0.237,0.3366,-1.0,11.96613,50.49,35.55
1050.0,25.0,1.0,150.0,0.237,0.3518,-1.0,12.50649,52.77,35.55
1075.0,25.0,0.3,150.0,0.237,0.3487,-1.0,12.396284999999999,52.305,35.55
1075.0,25.0,1.0,150.0,0.237,0.3526,-1.0,12.53493,52.89,35.55
1100.0,25.0,0.3,150.0,0.237,0.3475,-1.0,12.353624999999997,52.12499999999999,35.55
1100.0,25.0,1.0,150.0,0.237,0.3478,-1.0,12.364289999999999,52.17,35.55
250.0,30.0,0.3,150.0,0.361,0.1519,-1.0,8.225385000000001,22.785,54.15
250.0,30.0,1.0,150.0,0.361,0.1517,-1.0,8.214555,22.755,54.15
275.0,30.0,0.3,150.0,0.361,0.1759,-1.0,9.524985,26.385,54.15
275.0,30.0,1.0,150.0,0.361,0.1709,-1.0,9.254235,25.634999999999998,54.15
300.0,30.0,0.3,150.0,0.302,0.1777,-1.0,8.049809999999999,26.655,45.3
300.0,30.0,1.0,150.0,0.302,0.18,-1.0,8.154,27.0,45.3
325.0,30.0,0.3,150.0,0.302,0.1941,-1.0,8.792729999999999,29.115,45.3
325.0,30.0,1.0,150.0,0.302,0.1915,-1.0,8.674949999999999,28.725,45.3
350.0,30.0,0.3,150.0,0.302,0.2048,-1.0,9.27744,30.720000000000002,45.3
350.0,30.0,1.0,150.0,0.302,0.2096,-1.0,9.49488,31.44,45.3
375.0,30.0,0.3,150.0,0.302,0.2167,-1.0,9.81651,32.505,45.3
375.0,30.0,1.0,150.0,0.302,0.2122,-1.0,9.61266,31.83,45.3
400.0,30.0,0.3,150.0,0.275,0.216,-1.0,8.91,32.4,41.25
400.0,30.0,1.0,150.0,0.275,0.2207,-1.0,9.103875,33.105000000000004,41.25
425.0,30.0,0.3,150.0,0.275,0.2449,-1.0,10.102125000000001,36.735,41.25
425.0,30.0,1.0,150.0,0.275,0.2319,-1.0,9.565875,34.785,41.25
450.0,30.0,0.3,150.0,0.275,0.2307,-1.0,9.516375,34.605,41.25
450.0,30.0,1.0,150.0,0.275,0.2507,-1.0,10.341375,37.605,41.25
475.0,30.0,0.3,150.0,0.275,0.2398,-1.0,9.89175,35.97,41.25
475.0,30.0,1.0,150.0,0.275,0.2475,-1.0,10.209375,37.125,41.25
500.0,30.0,0.3,150.0,0.254,0.2556,-1.0,9.73836,38.339999999999996,38.1
500.0,30.0,1.0,150.0,0.254,0.2588,-1.0,9.86028,38.81999999999999,38.1
525.0,30.0,0.3,150.0,0.254,0.2541,-1.0,9.68121,38.115,38.1
525.0,30.0,1.0,150.0,0.254,0.2641,-1.0,10.06221,39.615,38.1
550.0,30.0,0.3,150.0,0.254,0.2696,-1.0,10.27176,40.44,38.1
550.0,30.0,1.0,150.0,0.254,0.2768,-1.0,10.54608,41.519999999999996,38.1
575.0,30.0,0.3,150.0,0.254,0.2735,-1.0,10.420350000000001,41.025000000000006,38.1
575.0,30.0,1.0,150.0,0.254,0.2743,-1.0,10.45083,41.144999999999996,38.1
600.0,30.0,0.3,150.0,0.237,0.2853,-1.0,10.142415,42.795,35.55
600.0,30.0,1.0,150.0,0.237,0.2855,-1.0,10.149524999999999,42.824999999999996,35.55
625.0,30.0,0.3,150.0,0.237,0.2938,-1.0,10.44459,44.07,35.55
625.0,30.0,1.0,150.0,0.237,0.2787,-1.0,9.907784999999999,41.805,35.55
650.0,30.0,0.3,150.0,0.237,0.2864,-1.0,10.181519999999999,42.96,35.55
650.0,30.0,1.0,150.0,0.237,0.2928,-1.0,10.40904,43.92,35.55
675.0,30.0,0.3,150.0,0.237,0.2935,-1.0,10.433924999999999,44.025,35.55
675.0,30.0,1.0,150.0,0.237,0.2849,-1.0,10.128194999999998,42.735,35.55
700.0,30.0,0.3,150.0,0.237,0.3181,-1.0,11.308454999999999,47.714999999999996,35.55
700.0,30.0,1.0,150.0,0.237,0.3093,-1.0,10.995614999999999,46.395,35.55
725.0,30.0,0.3,150.0,0.237,0.3219,-1.0,11.443545,48.285000000000004,35.55
725.0,30.0,1.0,150.0,0.237,0.2945,-1.0,10.469475,44.175,35.55
750.0,30.0,0.3,150.0,0.237,0.3051,-1.0,10.846305,45.765,35.55
750.0,30.0,1.0,150.0,0.237,0.3117,-1.0,11.080934999999998,46.754999999999995,35.55
775.0,30.0,0.3,150.0,0.237,0.3116,-1.0,11.077379999999998,46.739999999999995,35.55
775.0,30.0,1.0,150.0,0.237,0.3189,-1.0,11.336895,47.835,35.55
800.0,30.0,0.3,150.0,0.237,0.3109,-1.0,11.052494999999999,46.635,35.55
800.0,30.0,1.0,150.0,0.237,0.3277,-1.0,11.649734999999998,49.155,35.55
825.0,30.0,0.3,150.0,0.237,0.3299,-1.0,11.727945,49.48500000000001,35.55
825.0,30.0,1.0,150.0,0.237,0.324,-1.0,11.5182,48.6,35.55
850.0,30.0,0.3,150.0,0.237,0.328,-1.0,11.6604,49.2,35.55
850.0,30.0,1.0,150.0,0.237,0.3294,-1.0,11.71017,49.410000000000004,35.55
875.0,30.0,0.3,150.0,0.237,0.3328,-1.0,11.831039999999998,49.919999999999995,35.55
875.0,30.0,1.0,150.0,0.237,0.3322,-1.0,11.809709999999999,49.83,35.55
900.0,30.0,0.3,150.0,0.237,0.3327,-1.0,11.827485,49.905,35.55
900.0,30.0,1.0,150.0,0.237,0.3358,-1.0,11.937689999999998,50.37,35.55
925.0,30.0,0.3,150.0,0.237,0.334,-1.0,11.8737,50.1,35.55
925.0,30.0,1.0,150.0,0.237,0.3294,-1.0,11.71017,49.410000000000004,35.55
950.0,30.0,0.3,150.0,0.237,0.3613,-1.0,12.844215,54.195,35.55
950.0,30.0,1.0,150.0,0.237,0.3335,-1.0,11.855925,50.025000000000006,35.55
975.0,30.0,0.3,150.0,0.237,0.3458,-1.0,12.29319,51.87,35.55
975.0,30.0,1.0,150.0,0.237,0.3228,-1.0,11.475539999999999,48.419999999999995,35.55
1000.0,30.0,0.3,150.0,0.237,0.346,-1.0,12.300299999999998,51.9,35.55
1000.0,30.0,1.0,150.0,0.237,0.3448,-1.0,12.257639999999999,51.72,35.55
1025.0,30.0,0.3,150.0,0.237,0.3627,-1.0,12.893984999999999,54.405,35.55
1025.0,30.0,1.0,150.0,0.237,0.3532,-1.0,12.55626,52.980000000000004,35.55
1050.0,30.0,0.3,150.0,0.237,0.3397,-1.0,12.076334999999998,50.955,35.55
1050.0,30.0,1.0,150.0,0.237,0.3647,-1.0,12.965085,54.705000000000005,35.55
1075.0,30.0,0.3,150.0,0.237,0.3557,-1.0,12.645135,53.355000000000004,35.55
1075.0,30.0,1.0,150.0,0.237,0.3596,-1.0,12.783779999999998,53.94,35.55
1100.0,30.0,0.3,150.0,0.237,0.3608,-1.0,12.82644,54.120000000000005,35.55
1100.0,30.0,1.0,150.0,0.237,0.3524,-1.0,12.527819999999998,52.86,35.55
